{"cameraMode":{"drawMode":0,"name":"Shaded","section":"Shading Mode"},"sceneLighting":true,"audioPlay":false,"sceneViewState":{"showFog":false,"showMaterialUpdate":false,"showSkybox":false,"showFlares":false,"showImageEffects":false,"showParticleSystems":false},"in2DMode":false,"pivot":{"x":2.9999501705169679,"y":-0.49999988079071047,"z":-1.0},"rotation":{"x":0.010294228792190552,"y":0.8921096920967102,"z":-0.4512651264667511,"w":0.020343095064163209},"size":22.40290641784668,"orthographic":true}