{"cameraMode":{"drawMode":0,"name":"Shaded","section":"Shading Mode"},"sceneLighting":true,"audioPlay":false,"sceneViewState":{"showFog":false,"showMaterialUpdate":false,"showSkybox":false,"showFlares":false,"showImageEffects":false,"showParticleSystems":false},"in2DMode":false,"pivot":{"x":2.330758571624756,"y":1.3700830936431885,"z":0.6504881381988525},"rotation":{"x":-0.01171900611370802,"y":0.9615797400474548,"z":-0.271110862493515,"w":-0.041565313935279849},"size":2.6835765838623049,"orthographic":false}